"firstName","lastName","FullName","email","Phone"
"Anna","Bobanna","Anna Bobanna","steuber.frederick@schowalter.biz","+19998675309"
"Inara","Conway","Inara Conway","rigoberto.oreilly@kautzer.com","+19998675309"
"Tonicha","Love","Tonicha Love","joelle67@stoltenberg.com","+19998675309"
"Stace","Stubbs","Stacie Stubbs","sgoyette@hotmail.com","+19998675309"
"Lynden","Clayton","Lynden Clayton ","alex71@gmail.com","+19998675309"
"Daria","Whitehead","Daria Whitehead ","missouri43@wilkinson.com","+19998675310"
"Cassidy","Holder","Cassidy Holder","uhills@hotmail.com","+19998675309"
"Tala","Ryan","Tala Ryan ","rosalyn65@grant.com","+19998675309"
"Ezmae","Appleton","Ezmae Appleton ","annamarie.howell@kilback.org","+19998675309"
"Ebonie","Dupont","Ebonie Dupont ","tbreitenberg@murphy.net","+19998675309"
"Alanah","Chen","Alanah Chen ","maybell40@koelpin.com","+19991234339"
"Leandro ","Amos ","Leandro Amos ","windler.charlotte@gmail.com","+19998675309"
"Subhan ","Eaton ","Subhan Eaton ","harris.marjorie@yahoo.com","+19998675309"
"Ronaldo ","Oneal ","Ronaldo Oneal ","jledner@west.com","+19998675309"
"Kamile ","Small ","Kamile Small ","claudie82@hintz.com","+19998675309"
"Tommy ","Schneider ","Tommy Schneider ","fausto23@braun.info","+19998675309"
"Leonidas ","Salter ","Leonidas Salter ","stoltenberg.cydney@hotmail.com","+19998675309"
"Eva ","Pope ","Eva Pope ","boris64@yahoo.com","+19998675309"
"Maverick ","Mcmahon ","Maverick Mcmahon ","verda56@gmail.com","+19998675309"
